SET check_function_bodies = false;
INSERT INTO public.users (id, name, email, last_seen, password, is_email_verified, created_at, updated_at) VALUES ('7cf0a66c-65b7-11ed-b904-fb49f034fbbb', 'Sean', 'seandemo@hasura.io', NULL, NULL, false, NOW() - INTERVAL '4 weeks', NOW() - INTERVAL '4 weeks');
INSERT INTO public.users (id, name, email, last_seen, password, is_email_verified, created_at, updated_at) VALUES ('82001336-65b7-11ed-b905-7fa26a16d198', 'Rob', 'robdemo@hasura.io', NULL, NULL, false, NOW() - INTERVAL '4 weeks', NOW() - INTERVAL '4 weeks');
INSERT INTO public.users (id, name, email, last_seen, password, is_email_verified, created_at, updated_at) VALUES ('86d5fba0-65b7-11ed-b906-afb985970e2e', 'Marion', 'mariondemo@hasura.io', NULL, NULL, false, NOW() - INTERVAL '4 weeks', NOW() - INTERVAL '4 weeks');
INSERT INTO public.users (id, name, email, last_seen, password, is_email_verified, created_at, updated_at) VALUES ('8dea1160-65b7-11ed-b907-e3c5123cb650', 'Sandeep', 'sandeepdemo@hasura.io', NULL, NULL, false, NOW() - INTERVAL '4 weeks', NOW() - INTERVAL '4 weeks');
INSERT INTO public.users (id, name, email, last_seen, password, is_email_verified, created_at, updated_at) VALUES ('9bd9d300-65b7-11ed-b908-571fef22d2ba', 'Abby', 'abbydemo@hasura.io', NULL, NULL, false, NOW() - INTERVAL '4 weeks', NOW() - INTERVAL '4 weeks');
INSERT INTO public.carts (id, user_id, is_complete, created_at, updated_at) VALUES ('e2f27008-673d-11ed-8a24-7224baf239e5', '7cf0a66c-65b7-11ed-b904-fb49f034fbbb', true, NOW() - INTERVAL '26 hours', NOW() - INTERVAL '25 hours');
INSERT INTO public.carts (id, user_id, is_complete, created_at, updated_at) VALUES ('e6e0edc0-673d-11ed-8a25-7224baf239e5', '82001336-65b7-11ed-b905-7fa26a16d198', false, NOW() - INTERVAL '30 hours', NOW() - INTERVAL '28 hours');
INSERT INTO public.carts (id, user_id, is_complete, created_at, updated_at) VALUES ('ea226f5e-673d-11ed-8a26-7224baf239e5', '86d5fba0-65b7-11ed-b906-afb985970e2e', false, NOW() - INTERVAL '40 hours', NOW() - INTERVAL '38 hours');
INSERT INTO public.carts (id, user_id, is_complete, created_at, updated_at) VALUES ('ee2c0948-673d-11ed-8a27-7224baf239e5', '8dea1160-65b7-11ed-b907-e3c5123cb650', true, NOW() - INTERVAL '22 hours', NOW() - INTERVAL '3 hours');
INSERT INTO public.carts (id, user_id, is_complete, created_at, updated_at) VALUES ('f11e43aa-673d-11ed-8a28-7224baf239e5', '9bd9d300-65b7-11ed-b908-571fef22d2ba', false, NOW() - INTERVAL '22 hours', NOW() - INTERVAL '3 hours');
INSERT INTO public.categories (id, name) VALUES ('672913fc-65b5-11ed-860f-6a8b11ef7372', 'T-Shirts');
INSERT INTO public.categories (id, name) VALUES ('698eccf4-65b5-11ed-8610-6a8b11ef7372', 'Hats');
INSERT INTO public.categories (id, name) VALUES ('6dfe1074-65b5-11ed-8611-6a8b11ef7372', 'Merchandise');
INSERT INTO public.manufacturers (id, name) VALUES ('e5d9e8a8-65b4-11ed-b13a-6a8b11ef7372', 'Hasura Hat Co.');
INSERT INTO public.manufacturers (id, name) VALUES ('e99cbfe2-65b4-11ed-b13b-6a8b11ef7372', 'Hasura Tee Co.');
INSERT INTO public.manufacturers (id, name) VALUES ('ec1ea762-65b4-11ed-b13c-6a8b11ef7372', 'Hasura Merch Co.');
INSERT INTO public.products (id, name, description, price, manufacturer_id, category_id, image, country_of_origin, vector, created_at, updated_at) VALUES ('7992fdfa-65b5-11ed-8612-6a8b11ef7372', 'The Original Tee', 'When you want to keep it simple', 1000, 'e99cbfe2-65b4-11ed-b13b-6a8b11ef7372', '672913fc-65b5-11ed-860f-6a8b11ef7372', 'https://res.cloudinary.com/dh8fp23nd/image/upload/v1666262766/Swag%20Store/hasura_original_tee_noncvu.jpg', 'US', '[-0.26627868,0.024454566,-0.12411288,-0.06926076,0.114167295,-0.05908405,-0.11366025,-0.20373131,-0.07778197,-0.13792849,0.024760943,-0.06993264,-0.08388083,-0.062369984,0.048473757,0.024872025,-0.23152019,-0.05411574,0.004388886,-0.21127427,-0.15947516,0.105058424,0.033486396,-0.029446172,-0.2548478,-0.21878138,-0.0880393,0.33248106,0.093399994,-0.20333715,0.30673468,0.114914425,-0.105746426,0.18683583,-0.049713593,0.113479294,0.06528862,-0.0078796055,-0.12683801,-0.2029609,0.17053875,0.03340398,-0.061518937,0.059385054,0.13831548,-0.13800374,-0.0011183274,-0.21415886,0.09237874,-0.107848056]', NOW() - INTERVAL '4 weeks', NOW() - INTERVAL '4 weeks');
INSERT INTO public.products (id, name, description, price, manufacturer_id, category_id, image, country_of_origin, vector, created_at, updated_at) VALUES ('8aa93f86-65b6-11ed-901c-f320d4e17bb2', 'Dark Furry Logo Tee', 'A little darker, a little fun..er', 1000, 'e99cbfe2-65b4-11ed-b13b-6a8b11ef7372', '672913fc-65b5-11ed-860f-6a8b11ef7372', 'https://res.cloudinary.com/dh8fp23nd/image/upload/v1665118078/Swag%20Store/hasura_black_tee_oknbkr.png', 'US', '[-0.101149455,0.10343162,-0.13894458,-0.07901475,0.1559027,0.004253149,-0.06339478,-0.1679856,-0.0882726,-0.07734043,-0.0032704491,-0.006714983,-0.04996026,0.059083022,0.036738176,0.037650317,-0.13217317,-0.040936224,-0.08721328,-0.21169272,-0.12407288,0.11274253,0.11094031,-0.010233743,-0.17852227,-0.1711312,-0.15234627,0.34076408,0.15813486,-0.099183425,0.3784119,0.02550004,-0.047867786,0.020976588,-0.03102382,0.09864897,-0.033843234,-0.066777326,-0.09098807,-0.20539972,0.08340693,0.037739895,-0.03126892,0.019846227,0.089720264,-0.05996275,0.063538976,-0.25836334,0.025542164,-0.104307406]', NOW() - INTERVAL '4 weeks', NOW() - INTERVAL '4 weeks');
INSERT INTO public.products (id, name, description, price, manufacturer_id, category_id, image, country_of_origin, vector, created_at, updated_at) VALUES ('a44eda7c-65b6-11ed-997b-53b5bdb7117e', 'Hasuras in The Cloud Tee', 'It''s Hasura but on someone else''s computer ;)', 1000, 'e99cbfe2-65b4-11ed-b13b-6a8b11ef7372', '672913fc-65b5-11ed-860f-6a8b11ef7372', 'https://res.cloudinary.com/dh8fp23nd/image/upload/v1665118078/Swag%20Store/hasura_white_tee_n424ys.png', 'US', '[-0.07115641,0.11741383,-0.004360486,0.018292133,-0.013566669,-0.06960474,-0.06445954,-0.13927278,0.037672017,-0.06840444,0.053804584,-0.013603186,-0.023380963,0.04384686,0.012119862,0.07940428,-0.15074292,-0.0035461187,-0.10571376,-0.21248129,-0.1003659,0.018580832,0.045329146,-0.064952426,-0.13460194,-0.18931788,-0.042372644,0.321064,0.09031715,-0.04397262,0.36174676,0.0037292503,-0.076084204,-0.055356175,-0.13905478,0.07796151,-0.039477915,-0.11447624,0.0165435,-0.15988843,0.11578179,0.023093956,-0.058872633,0.07561666,0.07338241,-0.03375361,0.08200424,-0.16872743,0.034450583,-0.16016209]', NOW() - INTERVAL '4 weeks', NOW() - INTERVAL '4 weeks');
INSERT INTO public.products (id, name, description, price, manufacturer_id, category_id, image, country_of_origin, vector, created_at, updated_at) VALUES ('cd6be51c-65b6-11ed-a2f4-4b71f0d3d70f', 'Get Ship Done Mug', 'A little reminder every time you take a sip', 1600, 'ec1ea762-65b4-11ed-b13c-6a8b11ef7372', '6dfe1074-65b5-11ed-8611-6a8b11ef7372', 'https://res.cloudinary.com/dh8fp23nd/image/upload/v1665118078/Swag%20Store/hasura_mug_qv1wvp.png', 'GB', '[-0.12062939,0.14187849,-0.1531862,0.22822146,-0.009532988,0.0071340483,-0.07665542,0.118585184,-0.024846593,-0.107871726,0.053799834,0.01564843,-0.22502977,-0.035310797,0.24498546,0.011766871,0.12672856,0.051094495,-0.30687398,-0.12383477,-0.05133007,-0.09563537,0.1964261,0.07656727,-0.091469444,-0.14006226,0.00026369488,0.06717152,-0.03895389,0.0348518,0.36772898,0.21402602,-0.11242977,0.18416086,0.028611274,0.04999108,-0.0075755664,0.27164373,-0.024062349,-0.2761577,0.08008573,-0.093189925,-0.013401476,-0.10698717,0.03589746,0.2864775,-0.008914711,0.027798152,0.033786383,-0.17014779]', NOW() - INTERVAL '4 weeks', NOW() - INTERVAL '4 weeks');
INSERT INTO public.products (id, name, description, price, manufacturer_id, category_id, image, country_of_origin, vector, created_at, updated_at) VALUES ('e0a70b16-65b6-11ed-8788-8fa2504d64a3', 'Sticker Sheet', '6 stickers all about that Hasura life. Featuring a few Hasuras and a lot of attitude.', 150, 'ec1ea762-65b4-11ed-b13c-6a8b11ef7372', '6dfe1074-65b5-11ed-8611-6a8b11ef7372', 'https://res.cloudinary.com/dh8fp23nd/image/upload/v1665118078/Swag%20Store/hasura_stickers_sheet_twebnl.png', 'IN', '[-0.07273033,0.16197678,-0.02315588,0.15493771,-0.010597327,0.053691946,-0.21809468,-0.38831246,0.06568324,-0.15859771,0.08382669,0.061625943,-0.055893157,0.0808088,0.015905922,0.06893991,-0.25156435,0.06011499,-0.08063423,-0.12753794,-0.03853227,-0.21586739,0.010293933,0.0021516508,-0.20065553,-0.1308849,-0.2895087,0.25114298,0.027323537,-0.21953942,0.28493372,0.07478908,-0.107418,-0.023890287,-0.087605074,0.06514748,0.10168923,-0.09037415,-0.26597157,-0.18793786,0.14134318,-0.11382299,-0.14091176,-0.048338402,-0.016923055,0.035532437,0.032398168,-0.014202741,0.034888327,-0.044995446]', NOW() - INTERVAL '4 weeks', NOW() - INTERVAL '4 weeks');
INSERT INTO public.products (id, name, description, price, manufacturer_id, category_id, image, country_of_origin, vector, created_at, updated_at) VALUES ('fef9c02c-65b6-11ed-be19-2b4fad811971', 'Monogram Baseball Cap', 'Keep Hasura on your mind and the sun outta your eyes', 1100, 'e5d9e8a8-65b4-11ed-b13a-6a8b11ef7372', '698eccf4-65b5-11ed-8610-6a8b11ef7372', 'https://res.cloudinary.com/dh8fp23nd/image/upload/v1665118078/Swag%20Store/hasura_hat_ifpelt.png', 'AU', '[-0.18278481,-0.015037179,-0.17360133,-0.025764199,0.1542296,-0.02353552,-0.19020066,-0.19795555,0.009214082,-2.564222e-05,0.06732349,0.056965716,-0.06347809,0.05816482,-0.031226326,-0.07473933,-0.009636662,-0.048563715,-0.18756263,-0.06211566,-0.22832596,-0.057778213,-0.065448344,-0.061094355,-0.1316823,-0.27868834,-0.114342846,0.22367427,0.031875495,-0.32104978,0.3222489,0.13563314,-0.103096075,0.27821282,-0.040254753,0.19123022,0.05033343,0.1551496,-0.014825475,-0.16132292,0.13362981,0.103402056,-0.1700619,0.030874863,0.0771975,-0.09038764,0.05128031,-0.15863113,0.17011152,-0.12747717]', NOW() - INTERVAL '4 weeks', NOW() - INTERVAL '4 weeks');
INSERT INTO public.products (id, name, description, price, manufacturer_id, category_id, image, country_of_origin, vector, created_at, updated_at) VALUES ('3bef8a40-3c33-11ee-bb29-070df467ec94', 'Tee', 'When you want to keep it simple', 1000, 'e99cbfe2-65b4-11ed-b13b-6a8b11ef7372', '672913fc-65b5-11ed-860f-6a8b11ef7372', 'https://res.cloudinary.com/dh8fp23nd/image/upload/v1666262766/Swag%20Store/hasura_original_tee_noncvu.jpg', 'US', '[-0.26627868,0.024454566,-0.12411288,-0.06926076,0.114167295,-0.05908405,-0.11366025,-0.20373131,-0.07778197,-0.13792849,0.024760943,-0.06993264,-0.08388083,-0.062369984,0.048473757,0.024872025,-0.23152019,-0.05411574,0.004388886,-0.21127427,-0.15947516,0.105058424,0.033486396,-0.029446172,-0.2548478,-0.21878138,-0.0880393,0.33248106,0.093399994,-0.20333715,0.30673468,0.114914425,-0.105746426,0.18683583,-0.049713593,0.113479294,0.06528862,-0.0078796055,-0.12683801,-0.2029609,0.17053875,0.03340398,-0.061518937,0.059385054,0.13831548,-0.13800374,-0.0011183274,-0.21415886,0.09237874,-0.107848056]', NOW() - INTERVAL '4 weeks', NOW() - INTERVAL '4 weeks');
INSERT INTO public.cart_items (id, product_id, cart_id, quantity, created_at, updated_at) VALUES ('0d656070-673e-11ed-ac6c-7224baf239e5', 'e0a70b16-65b6-11ed-8788-8fa2504d64a3', 'e2f27008-673d-11ed-8a24-7224baf239e5', 1, '2023-08-15 16:15:23.948829+00', '2023-08-15 16:15:38.595294+00');
INSERT INTO public.cart_items (id, product_id, cart_id, quantity, created_at, updated_at) VALUES ('15956d4e-673e-11ed-ac6d-7224baf239e5', '8aa93f86-65b6-11ed-901c-f320d4e17bb2', 'e2f27008-673d-11ed-8a24-7224baf239e5', 2, '2023-08-15 16:15:23.948829+00', '2023-08-15 16:15:38.595294+00');
INSERT INTO public.cart_items (id, product_id, cart_id, quantity, created_at, updated_at) VALUES ('3fddf1e8-673e-11ed-bf8f-7224baf239e5', 'a44eda7c-65b6-11ed-997b-53b5bdb7117e', 'e6e0edc0-673d-11ed-8a25-7224baf239e5', 1, '2023-08-15 16:15:23.948829+00', '2023-08-15 16:15:38.595294+00');
INSERT INTO public.cart_items (id, product_id, cart_id, quantity, created_at, updated_at) VALUES ('43b56e54-673e-11ed-bf90-7224baf239e5', 'cd6be51c-65b6-11ed-a2f4-4b71f0d3d70f', 'e6e0edc0-673d-11ed-8a25-7224baf239e5', 1, '2023-08-15 16:15:23.948829+00', '2023-08-15 16:15:38.595294+00');
INSERT INTO public.cart_items (id, product_id, cart_id, quantity, created_at, updated_at) VALUES ('48a1028e-673e-11ed-bf91-7224baf239e5', 'e0a70b16-65b6-11ed-8788-8fa2504d64a3', 'e6e0edc0-673d-11ed-8a25-7224baf239e5', 1, '2023-08-15 16:15:23.948829+00', '2023-08-15 16:15:38.595294+00');
INSERT INTO public.cart_items (id, product_id, cart_id, quantity, created_at, updated_at) VALUES ('530d4534-673e-11ed-bf92-7224baf239e5', 'fef9c02c-65b6-11ed-be19-2b4fad811971', 'ea226f5e-673d-11ed-8a26-7224baf239e5', 1, '2023-08-15 16:15:23.948829+00', '2023-08-15 16:15:38.595294+00');
INSERT INTO public.cart_items (id, product_id, cart_id, quantity, created_at, updated_at) VALUES ('5641b122-673e-11ed-bf93-7224baf239e5', '7992fdfa-65b5-11ed-8612-6a8b11ef7372', 'ea226f5e-673d-11ed-8a26-7224baf239e5', 1, '2023-08-15 16:15:23.948829+00', '2023-08-15 16:15:38.595294+00');
INSERT INTO public.cart_items (id, product_id, cart_id, quantity, created_at, updated_at) VALUES ('5bd9afd6-673e-11ed-bf94-7224baf239e5', 'e0a70b16-65b6-11ed-8788-8fa2504d64a3', 'ea226f5e-673d-11ed-8a26-7224baf239e5', 2, '2023-08-15 16:15:23.948829+00', '2023-08-15 16:15:38.595294+00');
INSERT INTO public.cart_items (id, product_id, cart_id, quantity, created_at, updated_at) VALUES ('653b2f50-673e-11ed-bf95-7224baf239e5', 'a44eda7c-65b6-11ed-997b-53b5bdb7117e', 'ee2c0948-673d-11ed-8a27-7224baf239e5', 1, '2023-08-15 16:15:23.948829+00', '2023-08-15 16:15:38.595294+00');
INSERT INTO public.cart_items (id, product_id, cart_id, quantity, created_at, updated_at) VALUES ('6b96a780-673e-11ed-bf96-7224baf239e5', 'cd6be51c-65b6-11ed-a2f4-4b71f0d3d70f', 'ee2c0948-673d-11ed-8a27-7224baf239e5', 1, '2023-08-15 16:15:23.948829+00', '2023-08-15 16:15:38.595294+00');
INSERT INTO public.cart_items (id, product_id, cart_id, quantity, created_at, updated_at) VALUES ('7a34aa08-673e-11ed-bf97-7224baf239e5', 'fef9c02c-65b6-11ed-be19-2b4fad811971', 'f11e43aa-673d-11ed-8a28-7224baf239e5', 2, '2023-08-15 16:15:23.948829+00', '2023-08-15 16:15:38.595294+00');
INSERT INTO public.cart_items (id, product_id, cart_id, quantity, created_at, updated_at) VALUES ('7d5b6924-673e-11ed-bf98-7224baf239e5', '7992fdfa-65b5-11ed-8612-6a8b11ef7372', 'f11e43aa-673d-11ed-8a28-7224baf239e5', 2, '2023-08-15 16:15:23.948829+00', '2023-08-15 16:15:38.595294+00');
INSERT INTO public.coupons (id, created_at, updated_at, user_id, code, expiration_date, amount, percent_or_value) VALUES ('5433de6c-c5c2-401f-96ba-0959bfa257eb', '2023-08-17 16:52:07.991942+00', '2023-08-17 16:52:07.991942+00', '9bd9d300-65b7-11ed-b908-571fef22d2ba', 'YXS226', NOW() + INTERVAL '2 days', 50, 'value');
INSERT INTO public.coupons (id, created_at, updated_at, user_id, code, expiration_date, amount, percent_or_value) VALUES ('bfd559ea-e99f-4b6f-bae0-547f88b7206c', '2023-08-17 16:52:26.265241+00', '2023-08-17 16:52:26.265241+00', '8dea1160-65b7-11ed-b907-e3c5123cb650', 'GRT383', NOW() + INTERVAL '2 days', 20, 'percent');
INSERT INTO public.coupons (id, created_at, updated_at, user_id, code, expiration_date, amount, percent_or_value) VALUES ('f2172fb7-9054-456d-9e94-25a42feebcbc', '2023-08-17 16:52:42.024614+00', '2023-08-17 16:52:42.024614+00', '86d5fba0-65b7-11ed-b906-afb985970e2e', 'GXS237', NOW() + INTERVAL '2 days', 120, 'value');
INSERT INTO public.coupons (id, created_at, updated_at, user_id, code, expiration_date, amount, percent_or_value) VALUES ('615ce4b9-976f-4712-9ac7-01cbb1fabb8b', '2023-08-17 16:52:59.096527+00', '2023-08-17 16:52:59.096527+00', '82001336-65b7-11ed-b905-7fa26a16d198', 'YUI112', NOW() + INTERVAL '2 days', 10, 'percent');
INSERT INTO public.coupons (id, created_at, updated_at, user_id, code, expiration_date, amount, percent_or_value) VALUES ('bc4145ba-d090-44c5-8203-33403d055b75', '2023-08-17 16:53:18.121112+00', '2023-08-17 16:53:18.121112+00', '7cf0a66c-65b7-11ed-b904-fb49f034fbbb', 'KJA188', NOW() + INTERVAL '2 days', 80, 'value');
INSERT INTO public.notifications (id, created_at, updated_at, user_id, message) VALUES ('ea7a5645-0863-4991-9b31-037d37fe113c', NOW() - INTERVAL '22 hours', NOW() - INTERVAL '30 hours', '8dea1160-65b7-11ed-b907-e3c5123cb650', 'Your order is processing');
INSERT INTO public.notifications (id, created_at, updated_at, user_id, message) VALUES ('1c0d29d9-2260-43a6-b3c8-d64e25ae3a46', NOW() - INTERVAL '23 hours', NOW() - INTERVAL '30 hours', '8dea1160-65b7-11ed-b907-e3c5123cb650', 'Your order is processing');
INSERT INTO public.notifications (id, created_at, updated_at, user_id, message) VALUES ('10fbb12a-9972-461d-9619-0e83be433039', NOW() - INTERVAL '13 hours', NOW() - INTERVAL '30 hours', '7cf0a66c-65b7-11ed-b904-fb49f034fbbb', 'Your order is processing');
INSERT INTO public.notifications (id, created_at, updated_at, user_id, message) VALUES ('70b60ad9-66df-4f4c-85e4-6c1712880e53', NOW() - INTERVAL '8 hours', NOW() - INTERVAL '30 hours', '7cf0a66c-65b7-11ed-b904-fb49f034fbbb', 'Your order is complete');
INSERT INTO public.notifications (id, created_at, updated_at, user_id, message) VALUES ('393e89aa-50ea-4336-ba91-975cbe15cfdb', NOW() - INTERVAL '15 hours', NOW() - INTERVAL '30 hours', '9bd9d300-65b7-11ed-b908-571fef22d2ba', 'Your order is processing');
INSERT INTO public.notifications (id, created_at, updated_at, user_id, message) VALUES ('7d41f2dc-98b2-430d-a525-fb9e01590fc1', NOW() - INTERVAL '20 hours', NOW() - INTERVAL '30 hours', '9bd9d300-65b7-11ed-b908-571fef22d2ba', 'Your order is complete');
INSERT INTO public.notifications (id, created_at, updated_at, user_id, message) VALUES ('f8f1ef1c-2756-4594-bf5a-e3e0cee57d75', NOW() - INTERVAL '30 hours', NOW() - INTERVAL '30 hours', '86d5fba0-65b7-11ed-b906-afb985970e2e', 'Your order is processing');
INSERT INTO public.notifications (id, created_at, updated_at, user_id, message) VALUES ('4857b390-9d99-4f3e-99ce-7e1b6703c192', NOW() - INTERVAL '30 hours', NOW() - INTERVAL '30 hours', '86d5fba0-65b7-11ed-b906-afb985970e2e', 'Your order is complete');
INSERT INTO public.notifications (id, created_at, updated_at, user_id, message) VALUES ('6d60b4e9-5376-4bea-b464-e72b92353d1e', NOW() - INTERVAL '30 hours', NOW() - INTERVAL '30 hours', '82001336-65b7-11ed-b905-7fa26a16d198', 'Your order is processing');
INSERT INTO public.notifications (id, created_at, updated_at, user_id, message) VALUES ('695d467b-67bd-454c-be04-a6a8a35b4931', NOW() - INTERVAL '30 hours', NOW() - INTERVAL '30 hours', '82001336-65b7-11ed-b905-7fa26a16d198', 'Your order is complete');
INSERT INTO public.orders (created_at, updated_at, id, product_id, user_id, status, delivery_date, is_reviewed) VALUES (NOW() - INTERVAL '2 weeks', NOW() - INTERVAL '2 weeks', 'c7406b75-6b24-41e4-9c5b-ff3feada9447', '3bef8a40-3c33-11ee-bb29-070df467ec94', '8dea1160-65b7-11ed-b907-e3c5123cb650', 'processing', NULL, false);
INSERT INTO public.orders (created_at, updated_at, id, product_id, user_id, status, delivery_date, is_reviewed) VALUES (NOW() - INTERVAL '2 weeks', NOW() - INTERVAL '2 weeks', '7ff13435-b590-4d6b-957f-f7fd39d4528a', 'e0a70b16-65b6-11ed-8788-8fa2504d64a3', '7cf0a66c-65b7-11ed-b904-fb49f034fbbb', 'complete', NOW() - INTERVAL '1 week', false);
INSERT INTO public.orders (created_at, updated_at, id, product_id, user_id, status, delivery_date, is_reviewed) VALUES (NOW() - INTERVAL '2 weeks', NOW() - INTERVAL '2 weeks', '98612470-1feb-4b91-88f7-9289d652ee87', '7992fdfa-65b5-11ed-8612-6a8b11ef7372', '9bd9d300-65b7-11ed-b908-571fef22d2ba', 'complete', NOW() - INTERVAL '1 week', false);
INSERT INTO public.orders (created_at, updated_at, id, product_id, user_id, status, delivery_date, is_reviewed) VALUES (NOW() - INTERVAL '2 weeks', NOW() - INTERVAL '2 weeks', '85581445-752a-4aef-9684-b648eb5d5f42', 'fef9c02c-65b6-11ed-be19-2b4fad811971', '86d5fba0-65b7-11ed-b906-afb985970e2e', 'complete', NOW() - INTERVAL '1 week', false);
INSERT INTO public.orders (created_at, updated_at, id, product_id, user_id, status, delivery_date, is_reviewed) VALUES (NOW() - INTERVAL '2 weeks', NOW() - INTERVAL '2 weeks', '9891596a-a732-4c1c-902c-1a112da48fec', 'a44eda7c-65b6-11ed-997b-53b5bdb7117e', '82001336-65b7-11ed-b905-7fa26a16d198', 'complete', NOW() - INTERVAL '1 week', false);
INSERT INTO public.reviews (id, product_id, user_id, rating, text, created_at, updated_at) VALUES ('dc9768a4-673c-11ed-b682-7224baf239e5', '8aa93f86-65b6-11ed-901c-f320d4e17bb2', '82001336-65b7-11ed-b905-7fa26a16d198', 5, 'Furry logos for the win! So soft, so comfy!', NOW() - INTERVAL '3 weeks', NOW() - INTERVAL '3 weeks');
INSERT INTO public.reviews (id, product_id, user_id, rating, text, created_at, updated_at) VALUES ('fcc86da8-673c-11ed-a17f-7224baf239e5', 'a44eda7c-65b6-11ed-997b-53b5bdb7117e', '86d5fba0-65b7-11ed-b906-afb985970e2e', 4, 'I love this t-shirt almost as much as I love Hasura.', NOW() - INTERVAL '3 weeks', NOW() - INTERVAL '3 weeks');
INSERT INTO public.reviews (id, product_id, user_id, rating, text, created_at, updated_at) VALUES ('225c954e-673d-11ed-8105-7224baf239e5', 'cd6be51c-65b6-11ed-a2f4-4b71f0d3d70f', '8dea1160-65b7-11ed-b907-e3c5123cb650', 4, 'Every time I take a sip I work faster. I don''t know if it''s the coffee or the mug...', NOW() - INTERVAL '3 weeks', NOW() - INTERVAL '3 weeks');
INSERT INTO public.reviews (id, product_id, user_id, rating, text, created_at, updated_at) VALUES ('3e25c84a-673d-11ed-a82a-7224baf239e5', 'e0a70b16-65b6-11ed-8788-8fa2504d64a3', '9bd9d300-65b7-11ed-b908-571fef22d2ba', 5, 'I think I need more computers because I''ve run out of sticker space.', NOW() - INTERVAL '3 weeks', NOW() - INTERVAL '3 weeks');
INSERT INTO public.reviews (id, product_id, user_id, rating, text, created_at, updated_at) VALUES ('587de934-673d-11ed-a7d4-7224baf239e5', 'fef9c02c-65b6-11ed-be19-2b4fad811971', '7cf0a66c-65b7-11ed-b904-fb49f034fbbb', 5, 'I thought I had a big head from using Hasura, but it fits perfectly in this cap.', NOW() - INTERVAL '3 weeks', NOW() - INTERVAL '3 weeks');
INSERT INTO public.reviews (id, product_id, user_id, rating, text, created_at, updated_at) VALUES ('708de0ce-673d-11ed-b2ce-7224baf239e5', '7992fdfa-65b5-11ed-8612-6a8b11ef7372', '82001336-65b7-11ed-b905-7fa26a16d198', 5, 'Most of my clothes are now Hasura swag. Sorry, not sorry.', NOW() - INTERVAL '3 weeks', NOW() - INTERVAL '3 weeks');
INSERT INTO public.reviews (id, product_id, user_id, rating, text, created_at, updated_at) VALUES ('833145c2-673d-11ed-90b8-7224baf239e5', '8aa93f86-65b6-11ed-901c-f320d4e17bb2', '86d5fba0-65b7-11ed-b906-afb985970e2e', 5, 'If only all logos were this furry.', NOW() - INTERVAL '3 weeks', NOW() - INTERVAL '3 weeks');
INSERT INTO public.reviews (id, product_id, user_id, rating, text, created_at, updated_at) VALUES ('94b4a582-673d-11ed-90b9-7224baf239e5', 'a44eda7c-65b6-11ed-997b-53b5bdb7117e', '8dea1160-65b7-11ed-b907-e3c5123cb650', 4, 'More cloud. More Hasura.', NOW() - INTERVAL '3 weeks', NOW() - INTERVAL '3 weeks');
INSERT INTO public.reviews (id, product_id, user_id, rating, text, created_at, updated_at) VALUES ('a6108b8e-673d-11ed-90ba-7224baf239e5', 'cd6be51c-65b6-11ed-a2f4-4b71f0d3d70f', '9bd9d300-65b7-11ed-b908-571fef22d2ba', 5, 'Oh yeah. I ship. ', NOW() - INTERVAL '3 weeks', NOW() - INTERVAL '3 weeks');